-- phpMyAdmin SQL Dump
-- version 4.6.6deb5
-- https://www.phpmyadmin.net/
--
-- Client :  localhost:3306
-- Généré le :  Mar 21 Avril 2020 à 13:11
-- Version du serveur :  5.7.28-0ubuntu0.18.04.4
-- Version de PHP :  7.2.24-0ubuntu0.18.04.1

SET SQL_MODE = "NO_AUTO_VALUE_ON_ZERO";
SET time_zone = "+00:00";


/*!40101 SET @OLD_CHARACTER_SET_CLIENT=@@CHARACTER_SET_CLIENT */;
/*!40101 SET @OLD_CHARACTER_SET_RESULTS=@@CHARACTER_SET_RESULTS */;
/*!40101 SET @OLD_COLLATION_CONNECTION=@@COLLATION_CONNECTION */;
/*!40101 SET NAMES utf8mb4 */;

--
-- Base de données :  `projetsr03`
--

-- --------------------------------------------------------



/*If it was real
CREATE EVENT deletealldataON SCHEDULE EVERY '10' MINUTESTARTS GETDATE()
DO delete   from count_loginWHERE date_try  < now() - interval 10 minute*/
--
-- Structure de la table `count_login`
--

CREATE TABLE `count_login` (
  `login_try` varchar(40) NOT NULL,
  `date_try` datetime NOT NULL DEFAULT CURRENT_TIMESTAMP
) ENGINE=InnoDB DEFAULT CHARSET=latin1;

--
-- Contenu de la table `count_login`
--

INSERT INTO `count_login` (`login_try`, `date_try`) VALUES
('\0', '2020-04-20 17:41:59'),
('\0', '2020-04-20 20:50:33'),
('\0', '2020-04-20 21:48:21'),
('\0', '2020-04-20 21:55:23'),
('', '2020-04-20 17:41:59'),
('', '2020-04-20 20:50:30'),
('', '2020-04-20 20:50:31'),
('', '2020-04-20 21:48:20'),
('', '2020-04-20 21:48:21'),
('', '2020-04-20 21:55:23'),
('${702460+723841}', '2020-04-20 21:49:02'),
('${948700+264324}', '2020-04-20 21:58:02'),
('&apos;', '2020-04-20 17:38:36'),
('&apos;', '2020-04-20 18:56:55'),
('&apos;', '2020-04-20 20:47:40'),
('&apos;', '2020-04-20 21:13:11'),
('&apos;', '2020-04-20 21:47:49'),
('&apos;', '2020-04-20 21:50:06'),
('&apos;', '2020-04-20 21:53:46'),
('&apos;', '2020-04-20 21:54:31'),
('&lt;!--', '2020-04-20 21:49:00'),
('&lt;!--', '2020-04-20 21:57:59'),
('&lt;!--#EXEC cmd=&quot;dir \\&quot;--&gt;', '2020-04-20 17:36:51'),
('&lt;!--#EXEC cmd=&quot;dir \\&quot;--&gt;', '2020-04-20 18:06:59'),
('&lt;!--#EXEC cmd=&quot;dir \\&quot;--&gt;', '2020-04-20 18:56:49'),
('&lt;!--#EXEC cmd=&quot;dir \\&quot;--&gt;', '2020-04-20 20:47:31'),
('&lt;!--#EXEC cmd=&quot;dir \\&quot;--&gt;', '2020-04-20 20:47:32'),
('&lt;!--#EXEC cmd=&quot;dir \\&quot;--&gt;', '2020-04-20 21:13:08'),
('&lt;!--#EXEC cmd=&quot;dir \\&quot;--&gt;', '2020-04-20 21:47:43'),
('&lt;!--#EXEC cmd=&quot;dir \\&quot;--&gt;', '2020-04-20 21:49:59'),
('&lt;!--#EXEC cmd=&quot;dir \\&quot;--&gt;', '2020-04-20 21:52:21'),
('&lt;!--#EXEC cmd=&quot;dir \\&quot;--&gt;', '2020-04-20 21:53:29'),
('&lt;!--#EXEC cmd=&quot;dir \\&quot;--&gt;', '2020-04-20 21:54:15'),
('&lt;!--#EXEC cmd=&quot;ls /&quot;--&gt;', '2020-04-20 17:36:51'),
('&lt;!--#EXEC cmd=&quot;ls /&quot;--&gt;', '2020-04-20 18:06:59'),
('&lt;!--#EXEC cmd=&quot;ls /&quot;--&gt;', '2020-04-20 18:56:48'),
('&lt;!--#EXEC cmd=&quot;ls /&quot;--&gt;', '2020-04-20 20:47:30'),
('&lt;!--#EXEC cmd=&quot;ls /&quot;--&gt;', '2020-04-20 20:47:31'),
('&lt;!--#EXEC cmd=&quot;ls /&quot;--&gt;', '2020-04-20 21:13:08'),
('&lt;!--#EXEC cmd=&quot;ls /&quot;--&gt;', '2020-04-20 21:47:43'),
('&lt;!--#EXEC cmd=&quot;ls /&quot;--&gt;', '2020-04-20 21:49:59'),
('&lt;!--#EXEC cmd=&quot;ls /&quot;--&gt;', '2020-04-20 21:52:20'),
('&lt;!--#EXEC cmd=&quot;ls /&quot;--&gt;', '2020-04-20 21:53:29'),
('&lt;!--#EXEC cmd=&quot;ls /&quot;--&gt;', '2020-04-20 21:54:15'),
('&quot;', '2020-04-20 17:38:40'),
('&quot;', '2020-04-20 18:56:55'),
('&quot;', '2020-04-20 18:56:56'),
('&quot;', '2020-04-20 20:47:40'),
('&quot;', '2020-04-20 21:13:11'),
('&quot;', '2020-04-20 21:47:49'),
('&quot;', '2020-04-20 21:50:06'),
('&quot;', '2020-04-20 21:53:46'),
('&quot;', '2020-04-20 21:54:32'),
('&quot;&apos;', '2020-04-20 21:49:00'),
('&quot;&apos;', '2020-04-20 21:57:59'),
('() { :;}; /bin/sleep 15', '2020-04-20 20:50:44'),
('() { :;}; /bin/sleep 15', '2020-04-20 21:48:26'),
('() { :;}; /bin/sleep 15', '2020-04-20 21:57:02'),
(')', '2020-04-20 17:38:48'),
(')', '2020-04-20 18:56:57'),
(')', '2020-04-20 20:47:42'),
(')', '2020-04-20 21:13:12'),
(')', '2020-04-20 21:47:50'),
(')', '2020-04-20 21:50:07'),
(')', '2020-04-20 21:53:47'),
(')', '2020-04-20 21:54:32'),
('+', '2020-04-20 17:41:59'),
('+', '2020-04-20 20:50:32'),
('+', '2020-04-20 21:48:21'),
('+', '2020-04-20 21:55:23'),
('+response.write({0}*{1})+', '2020-04-20 17:39:33'),
('+response.write({0}*{1})+', '2020-04-20 20:48:46'),
('+response.write({0}*{1})+', '2020-04-20 20:48:47'),
('+response.write({0}*{1})+', '2020-04-20 21:13:19'),
('+response.write({0}*{1})+', '2020-04-20 21:47:57'),
('+response.write({0}*{1})+', '2020-04-20 21:50:15'),
('+response.write({0}*{1})+', '2020-04-20 21:54:41'),
('/', '2020-04-20 17:35:50'),
('/', '2020-04-20 18:05:04'),
('/', '2020-04-20 18:06:52'),
('/', '2020-04-20 18:56:30'),
('/', '2020-04-20 20:47:06'),
('/', '2020-04-20 21:13:01'),
('/', '2020-04-20 21:13:23'),
('/', '2020-04-20 21:47:34'),
('/', '2020-04-20 21:49:50'),
('/', '2020-04-20 21:52:08'),
('/', '2020-04-20 21:53:16'),
('/', '2020-04-20 21:54:02'),
('//3127961386291318312.owasp.org', '2020-04-20 21:48:13'),
('//3127961386291318312.owasp.org', '2020-04-20 21:55:06'),
('//5992479412967289991.owasp.org', '2020-04-20 20:49:57'),
('//7241468855286776394.owasp.org', '2020-04-20 17:41:42'),
('/etc/passwd', '2020-04-20 17:35:50'),
('/etc/passwd', '2020-04-20 18:05:00'),
('/etc/passwd', '2020-04-20 18:06:52'),
('/etc/passwd', '2020-04-20 18:56:29'),
('/etc/passwd', '2020-04-20 20:47:05'),
('/etc/passwd', '2020-04-20 21:13:01'),
('/etc/passwd', '2020-04-20 21:13:22'),
('/etc/passwd', '2020-04-20 21:47:34'),
('/etc/passwd', '2020-04-20 21:49:50'),
('/etc/passwd', '2020-04-20 21:52:08'),
('/etc/passwd', '2020-04-20 21:53:16'),
('/etc/passwd', '2020-04-20 21:54:02'),
('/WEB-INF/web.xml', '2020-04-20 17:35:51'),
('/WEB-INF/web.xml', '2020-04-20 18:05:11'),
('/WEB-INF/web.xml', '2020-04-20 18:06:53'),
('/WEB-INF/web.xml', '2020-04-20 18:56:31'),
('/WEB-INF/web.xml', '2020-04-20 20:47:08'),
('/WEB-INF/web.xml', '2020-04-20 21:13:02'),
('/WEB-INF/web.xml', '2020-04-20 21:13:24'),
('/WEB-INF/web.xml', '2020-04-20 21:47:35'),
('/WEB-INF/web.xml', '2020-04-20 21:49:51'),
('/WEB-INF/web.xml', '2020-04-20 21:52:09'),
('/WEB-INF/web.xml', '2020-04-20 21:53:17'),
('/WEB-INF/web.xml', '2020-04-20 21:54:03'),
('0W45pz4p', '2020-04-20 17:37:02'),
('0W45pz4p', '2020-04-20 18:07:00'),
('0W45pz4p', '2020-04-20 18:56:51'),
('0W45pz4p', '2020-04-20 20:47:35'),
('0W45pz4p', '2020-04-20 21:13:09'),
('0W45pz4p', '2020-04-20 21:47:44'),
('0W45pz4p', '2020-04-20 21:50:01'),
('0W45pz4p', '2020-04-20 21:52:24'),
('0W45pz4p', '2020-04-20 21:53:33'),
('0W45pz4p', '2020-04-20 21:54:19'),
('3127961386291318312.owasp.org', '2020-04-20 21:48:12'),
('3127961386291318312.owasp.org', '2020-04-20 21:55:05'),
('5992479412967289991.owasp.org', '2020-04-20 20:49:55'),
('7241468855286776394.owasp.org', '2020-04-20 17:41:42'),
(';', '2020-04-20 17:38:43'),
(';', '2020-04-20 18:56:56'),
(';', '2020-04-20 20:47:41'),
(';', '2020-04-20 21:13:11'),
(';', '2020-04-20 21:47:49'),
(';', '2020-04-20 21:50:07'),
(';', '2020-04-20 21:53:46'),
(';', '2020-04-20 21:54:32'),
('@', '2020-04-20 17:41:59'),
('@', '2020-04-20 20:50:32'),
('@', '2020-04-20 21:48:21'),
('@', '2020-04-20 21:55:23'),
('a', '2020-04-15 18:15:18'),
('admin', '2020-04-15 17:54:40'),
('admin', '2020-04-18 23:51:05'),
('admin', '2020-04-20 17:24:37'),
('admin', '2020-04-20 17:35:51'),
('admin', '2020-04-20 17:35:52'),
('admin', '2020-04-20 17:35:53'),
('admin', '2020-04-20 17:35:54'),
('admin', '2020-04-20 17:35:55'),
('admin', '2020-04-20 17:36:51'),
('admin', '2020-04-20 17:36:52'),
('admin', '2020-04-20 17:37:04'),
('admin', '2020-04-20 17:37:05'),
('admin', '2020-04-20 17:37:10'),
('admin', '2020-04-20 17:38:52'),
('admin', '2020-04-20 17:38:54'),
('admin', '2020-04-20 17:38:56'),
('admin', '2020-04-20 17:38:57'),
('admin', '2020-04-20 17:38:58'),
('admin', '2020-04-20 17:41:25'),
('admin', '2020-04-20 17:41:26'),
('admin', '2020-04-20 17:41:27'),
('admin', '2020-04-20 17:41:28'),
('admin', '2020-04-20 17:41:29'),
('admin', '2020-04-20 17:44:47'),
('admin', '2020-04-20 18:05:15'),
('admin', '2020-04-20 18:05:16'),
('admin', '2020-04-20 18:05:17'),
('admin', '2020-04-20 18:05:19'),
('admin', '2020-04-20 18:05:21'),
('admin', '2020-04-20 18:17:22'),
('admin', '2020-04-20 21:50:53'),
('admin', '2020-04-20 21:50:59'),
('admin', '2020-04-20 21:51:04'),
('admin', '2020-04-20 21:52:05'),
('admin', '2020-04-20 21:52:06'),
('admin', '2020-04-20 21:52:07'),
('admin', '2020-04-20 21:52:09'),
('admin', '2020-04-20 21:52:10'),
('admin', '2020-04-20 21:53:13'),
('admin', '2020-04-20 21:53:14'),
('admin', '2020-04-20 21:53:15'),
('admin', '2020-04-20 21:53:17'),
('admin', '2020-04-20 21:53:18'),
('admin', '2020-04-20 21:54:14'),
('admin', '2020-04-20 21:54:15'),
('admin', '2020-04-20 21:54:16'),
('admin', '2020-04-20 21:54:18'),
('admin', '2020-04-20 21:54:19'),
('admin', '2020-04-20 21:55:16'),
('admin', '2020-04-20 21:55:17'),
('admin', '2020-04-20 21:55:18'),
('admin', '2020-04-20 21:55:19'),
('admin', '2020-04-20 21:55:22'),
('admin', '2020-04-20 21:57:02'),
('admin', '2020-04-20 21:57:03'),
('admin', '2020-04-20 21:57:08'),
('admin', '2020-04-20 21:57:09'),
('admin', '2020-04-20 21:57:10'),
('admin', '2020-04-20 21:58:02'),
('admin', '2020-04-20 21:58:07'),
('admin', '2020-04-20 21:58:08'),
('admin', '2020-04-20 21:58:14'),
('admin', '2020-04-20 21:58:15'),
('admin / sleep(15) ', '2020-04-20 21:57:19'),
('admin and 0 in (select sleep(15) ) -- ', '2020-04-20 21:57:19'),
('admin AND 1=1', '2020-04-20 17:38:55'),
('admin AND 1=1', '2020-04-20 17:46:10'),
('admin AND 1=1', '2020-04-20 17:46:15'),
('admin AND 1=1', '2020-04-20 21:53:47'),
('admin AND 1=1', '2020-04-20 21:54:33'),
('admin AND 1=1 -- ', '2020-04-20 17:38:54'),
('admin AND 1=1 -- ', '2020-04-20 21:53:47'),
('admin AND 1=1 -- ', '2020-04-20 21:54:32'),
('admin UNION ALL select NULL -- ', '2020-04-20 17:38:55'),
('admin UNION ALL select NULL -- ', '2020-04-20 21:53:48'),
('admin UNION ALL select NULL -- ', '2020-04-20 21:54:33'),
('admin&amp;cat /etc/passwd&amp;', '2020-04-20 17:41:14'),
('admin&amp;cat /etc/passwd&amp;', '2020-04-20 21:54:51'),
('admin&amp;sleep 15&amp;', '2020-04-20 17:41:22'),
('admin&amp;sleep 15&amp;', '2020-04-20 21:54:51'),
('admin&amp;timeout /T 15', '2020-04-20 17:41:24'),
('admin&amp;timeout /T 15', '2020-04-20 21:54:52'),
('admin&amp;type %SYSTEMROOT%\\win.ini', '2020-04-20 17:41:23'),
('admin&amp;type %SYSTEMROOT%\\win.ini', '2020-04-20 21:54:52'),
('admin&apos;', '2020-04-20 17:38:38'),
('admin&apos;', '2020-04-20 21:53:46'),
('admin&apos;', '2020-04-20 21:54:31'),
('admin&apos; / sleep(15) / &apos;', '2020-04-20 21:57:19'),
('admin&apos; AND &apos;1&apos;=&apos;1', '2020-04-20 17:38:55'),
('admin&apos; AND &apos;1&apos;=&apos;1', '2020-04-20 21:53:47'),
('admin&apos; AND &apos;1&apos;=&apos;1', '2020-04-20 21:54:33'),
('admin&apos; UNION ALL select NULL -- ', '2020-04-20 17:38:55'),
('admin&apos; UNION ALL select NULL -- ', '2020-04-20 21:53:48'),
('admin&apos; UNION ALL select NULL -- ', '2020-04-20 21:54:33'),
('admin&apos;&amp;sleep 15&amp;&apos;', '2020-04-20 17:41:23'),
('admin&apos;&amp;sleep 15&amp;&apos;', '2020-04-20 21:54:52'),
('admin&apos;&amp;timeout /T 15&amp;&apos;', '2020-04-20 17:41:24'),
('admin&apos;&amp;timeout /T 15&amp;&apos;', '2020-04-20 21:54:53'),
('admin&apos;) UNION ALL select NULL -- ', '2020-04-20 17:38:55'),
('admin&apos;) UNION ALL select NULL -- ', '2020-04-20 21:53:48'),
('admin&apos;) UNION ALL select NULL -- ', '2020-04-20 21:54:33'),
('admin&apos;;cat /etc/passwd;&apos;', '2020-04-20 17:41:22'),
('admin&apos;;cat /etc/passwd;&apos;', '2020-04-20 21:54:51'),
('admin&apos;;get-help', '2020-04-20 17:41:24'),
('admin&apos;;get-help', '2020-04-20 21:54:53'),
('admin&apos;;sleep 15;&apos;', '2020-04-20 17:41:23'),
('admin&apos;;sleep 15;&apos;', '2020-04-20 21:54:52'),
('admin&apos;;start-sleep -s 15', '2020-04-20 17:41:25'),
('admin&apos;;start-sleep -s 15', '2020-04-20 21:54:54'),
('admin&apos;|timeout /T 15', '2020-04-20 17:41:24'),
('admin&apos;|timeout /T 15', '2020-04-20 21:54:53'),
('admin&apos;|type %SYSTEMROOT%\\win.ini', '2020-04-20 17:41:23'),
('admin&apos;|type %SYSTEMROOT%\\win.ini', '2020-04-20 21:54:52'),
('admin&quot;', '2020-04-20 17:38:42'),
('admin&quot;', '2020-04-20 21:53:46'),
('admin&quot;', '2020-04-20 21:54:32'),
('admin&quot; / sleep(15) / &quot;', '2020-04-20 21:57:19'),
('admin&quot; AND &quot;1&quot;=&quot;1', '2020-04-20 17:38:55'),
('admin&quot; AND &quot;1&quot;=&quot;1', '2020-04-20 21:53:47'),
('admin&quot; AND &quot;1&quot;=&quot;1', '2020-04-20 21:54:33'),
('admin&quot; UNION ALL select NULL -- ', '2020-04-20 17:38:55'),
('admin&quot; UNION ALL select NULL -- ', '2020-04-20 21:53:48'),
('admin&quot; UNION ALL select NULL -- ', '2020-04-20 21:54:33'),
('admin&quot;&amp;sleep 15&amp;&quot;', '2020-04-20 17:41:23'),
('admin&quot;&amp;sleep 15&amp;&quot;', '2020-04-20 21:54:51'),
('admin&quot;&amp;timeout /T 15&amp;&quot;', '2020-04-20 17:41:24'),
('admin&quot;&amp;timeout /T 15&amp;&quot;', '2020-04-20 21:54:53'),
('admin&quot;;cat /etc/passwd;&quot;', '2020-04-20 17:41:19'),
('admin&quot;;cat /etc/passwd;&quot;', '2020-04-20 21:54:51'),
('admin&quot;;get-help', '2020-04-20 17:41:24'),
('admin&quot;;get-help', '2020-04-20 21:54:53'),
('admin&quot;;sleep 15;&quot;', '2020-04-20 17:41:23'),
('admin&quot;;sleep 15;&quot;', '2020-04-20 21:54:52'),
('admin&quot;;start-sleep -s 15', '2020-04-20 17:41:25'),
('admin&quot;;start-sleep -s 15', '2020-04-20 21:54:54'),
('admin&quot;|timeout /T 15', '2020-04-20 17:41:24'),
('admin&quot;|timeout /T 15', '2020-04-20 21:54:53'),
('admin&quot;|type %SYSTEMROOT%\\win.ini', '2020-04-20 17:41:23'),
('admin&quot;|type %SYSTEMROOT%\\win.ini', '2020-04-20 21:54:52'),
('admin)', '2020-04-20 17:38:49'),
('admin)', '2020-04-20 21:53:47'),
('admin)', '2020-04-20 21:54:32'),
('admin) UNION ALL select NULL -- ', '2020-04-20 17:38:55'),
('admin) UNION ALL select NULL -- ', '2020-04-20 21:53:48'),
('admin) UNION ALL select NULL -- ', '2020-04-20 21:54:33'),
('admin0W45pz4p', '2020-04-20 17:37:04'),
('admin0W45pz4p', '2020-04-20 21:52:24'),
('admin0W45pz4p', '2020-04-20 21:53:33'),
('admin0W45pz4p', '2020-04-20 21:54:19'),
('admin;', '2020-04-20 17:38:45'),
('admin;', '2020-04-20 21:53:46'),
('admin;', '2020-04-20 21:54:32'),
('admin;cat /etc/passwd;', '2020-04-20 17:41:16'),
('admin;cat /etc/passwd;', '2020-04-20 21:54:51'),
('admin;get-help', '2020-04-20 17:41:24'),
('admin;get-help', '2020-04-20 21:54:53'),
('admin;get-help #', '2020-04-20 17:41:25'),
('admin;get-help #', '2020-04-20 21:54:53'),
('admin;sleep 15;', '2020-04-20 17:41:22'),
('admin;sleep 15;', '2020-04-20 21:54:51'),
('admin;start-sleep -s 15', '2020-04-20 17:41:25'),
('admin;start-sleep -s 15', '2020-04-20 21:54:54'),
('admin;start-sleep -s 15 #', '2020-04-20 17:41:25'),
('admin;start-sleep -s 15 #', '2020-04-20 21:54:54'),
('admin|timeout /T 15', '2020-04-20 17:41:24'),
('admin|timeout /T 15', '2020-04-20 21:54:53'),
('admin|type %SYSTEMROOT%\\win.ini', '2020-04-20 17:41:23'),
('admin|type %SYSTEMROOT%\\win.ini', '2020-04-20 21:54:52'),
('admon', '2020-04-20 17:55:44'),
('admon AND 1=1 -- ', '2020-04-20 17:47:16'),
('admon OR 1=1 -- ', '2020-04-20 17:55:37'),
('akheraz', '2020-04-21 10:46:50'),
('c:/', '2020-04-20 17:35:50'),
('c:/', '2020-04-20 18:05:03'),
('c:/', '2020-04-20 18:06:52'),
('c:/', '2020-04-20 18:56:29'),
('c:/', '2020-04-20 18:56:30'),
('c:/', '2020-04-20 20:47:06'),
('c:/', '2020-04-20 21:13:01'),
('c:/', '2020-04-20 21:13:22'),
('c:/', '2020-04-20 21:47:34'),
('c:/', '2020-04-20 21:49:50'),
('c:/', '2020-04-20 21:52:08'),
('c:/', '2020-04-20 21:53:16'),
('c:/', '2020-04-20 21:54:02'),
('c:/Windows/system.ini', '2020-04-20 17:35:49'),
('c:/Windows/system.ini', '2020-04-20 18:04:55'),
('c:/Windows/system.ini', '2020-04-20 18:06:51'),
('c:/Windows/system.ini', '2020-04-20 18:56:27'),
('c:/Windows/system.ini', '2020-04-20 18:56:28'),
('c:/Windows/system.ini', '2020-04-20 20:47:04'),
('c:/Windows/system.ini', '2020-04-20 21:13:00'),
('c:/Windows/system.ini', '2020-04-20 21:13:21'),
('c:/Windows/system.ini', '2020-04-20 21:47:33'),
('c:/Windows/system.ini', '2020-04-20 21:49:50'),
('c:/Windows/system.ini', '2020-04-20 21:52:07'),
('c:/Windows/system.ini', '2020-04-20 21:53:15'),
('c:/Windows/system.ini', '2020-04-20 21:54:02'),
('c:\\', '2020-04-20 17:35:50'),
('c:\\', '2020-04-20 18:05:05'),
('c:\\', '2020-04-20 18:06:52'),
('c:\\', '2020-04-20 18:56:30'),
('c:\\', '2020-04-20 20:47:06'),
('c:\\', '2020-04-20 20:47:07'),
('c:\\', '2020-04-20 21:13:01'),
('c:\\', '2020-04-20 21:13:23'),
('c:\\', '2020-04-20 21:47:34'),
('c:\\', '2020-04-20 21:49:50'),
('c:\\', '2020-04-20 21:52:08'),
('c:\\', '2020-04-20 21:53:16'),
('c:\\', '2020-04-20 21:54:02'),
('c:\\Windows\\system.ini', '2020-04-20 17:35:50'),
('c:\\Windows\\system.ini', '2020-04-20 18:04:57'),
('c:\\Windows\\system.ini', '2020-04-20 18:06:52'),
('c:\\Windows\\system.ini', '2020-04-20 18:56:28'),
('c:\\Windows\\system.ini', '2020-04-20 20:47:04'),
('c:\\Windows\\system.ini', '2020-04-20 21:13:01'),
('c:\\Windows\\system.ini', '2020-04-20 21:13:22'),
('c:\\Windows\\system.ini', '2020-04-20 21:47:34'),
('c:\\Windows\\system.ini', '2020-04-20 21:49:50'),
('c:\\Windows\\system.ini', '2020-04-20 21:52:08'),
('c:\\Windows\\system.ini', '2020-04-20 21:53:16'),
('c:\\Windows\\system.ini', '2020-04-20 21:54:02'),
('de', '2020-04-20 17:55:34'),
('http://3127961386291318312.owasp.org', '2020-04-20 21:48:12'),
('HtTp://3127961386291318312.owasp.org', '2020-04-20 21:48:13'),
('http://3127961386291318312.owasp.org', '2020-04-20 21:55:05'),
('HtTp://3127961386291318312.owasp.org', '2020-04-20 21:55:06'),
('http://5992479412967289991.owasp.org', '2020-04-20 20:49:55'),
('HtTp://5992479412967289991.owasp.org', '2020-04-20 20:49:58'),
('http://7241468855286776394.owasp.org', '2020-04-20 17:41:42'),
('HtTp://7241468855286776394.owasp.org', '2020-04-20 17:41:43'),
('http://www.google.com', '2020-04-20 17:36:30'),
('http://www.google.com', '2020-04-20 18:06:56'),
('http://www.google.com', '2020-04-20 18:56:41'),
('http://www.google.com', '2020-04-20 20:47:21'),
('http://www.google.com', '2020-04-20 21:13:05'),
('http://www.google.com', '2020-04-20 21:47:39'),
('http://www.google.com', '2020-04-20 21:49:55'),
('http://www.google.com', '2020-04-20 21:52:15'),
('http://www.google.com', '2020-04-20 21:53:24'),
('http://www.google.com', '2020-04-20 21:54:09'),
('http://www.google.com/', '2020-04-20 17:36:27'),
('http://www.google.com/', '2020-04-20 18:06:56'),
('http://www.google.com/', '2020-04-20 18:56:40'),
('http://www.google.com/', '2020-04-20 20:47:20'),
('http://www.google.com/', '2020-04-20 21:13:05'),
('http://www.google.com/', '2020-04-20 21:47:39'),
('http://www.google.com/', '2020-04-20 21:49:55'),
('http://www.google.com/', '2020-04-20 21:52:15'),
('http://www.google.com/', '2020-04-20 21:53:23'),
('http://www.google.com/', '2020-04-20 21:54:09'),
('http://www.google.com:80/', '2020-04-20 17:36:29'),
('http://www.google.com:80/', '2020-04-20 18:06:56'),
('http://www.google.com:80/', '2020-04-20 18:56:40'),
('http://www.google.com:80/', '2020-04-20 18:56:41'),
('http://www.google.com:80/', '2020-04-20 20:47:20'),
('http://www.google.com:80/', '2020-04-20 21:13:05'),
('http://www.google.com:80/', '2020-04-20 21:47:39'),
('http://www.google.com:80/', '2020-04-20 21:49:55'),
('http://www.google.com:80/', '2020-04-20 21:52:15'),
('http://www.google.com:80/', '2020-04-20 21:53:24'),
('http://www.google.com:80/', '2020-04-20 21:54:09'),
('http:\\\\3127961386291318312.owasp.org', '2020-04-20 21:48:12'),
('http:\\\\3127961386291318312.owasp.org', '2020-04-20 21:55:05'),
('http:\\\\5992479412967289991.owasp.org', '2020-04-20 20:49:56'),
('http:\\\\7241468855286776394.owasp.org', '2020-04-20 17:41:42'),
('https://3127961386291318312.owasp.org', '2020-04-20 21:48:12'),
('HtTpS://3127961386291318312.owasp.org', '2020-04-20 21:48:13'),
('https://3127961386291318312.owasp.org', '2020-04-20 21:55:05'),
('HtTpS://3127961386291318312.owasp.org', '2020-04-20 21:55:06'),
('https://5992479412967289991.owasp.org', '2020-04-20 20:49:55'),
('https://5992479412967289991.owasp.org', '2020-04-20 20:49:56'),
('HtTpS://5992479412967289991.owasp.org', '2020-04-20 20:49:58'),
('https://7241468855286776394.owasp.org', '2020-04-20 17:41:42'),
('HtTpS://7241468855286776394.owasp.org', '2020-04-20 17:41:43'),
('https:\\\\3127961386291318312.owasp.org', '2020-04-20 21:48:12'),
('https:\\\\3127961386291318312.owasp.org', '2020-04-20 21:55:06'),
('https:\\\\5992479412967289991.owasp.org', '2020-04-20 20:49:56'),
('https:\\\\5992479412967289991.owasp.org', '2020-04-20 20:49:57'),
('https:\\\\7241468855286776394.owasp.org', '2020-04-20 17:41:42'),
('lacouran', '2020-04-15 18:13:36'),
('login', '2020-04-16 22:41:24'),
('response.write(100 000*100 000)', '2020-04-20 17:39:33'),
('response.write(100 000*100 000)', '2020-04-20 20:48:47'),
('response.write(100 000*100 000)', '2020-04-20 21:13:20'),
('response.write(100 000*100 000)', '2020-04-20 21:47:58'),
('response.write(100 000*100 000)', '2020-04-20 21:50:15'),
('response.write(100 000*100 000)', '2020-04-20 21:54:41'),
('test', '2020-04-16 22:40:57'),
('thishouldnotexistandhopefullyitwillnot', '2020-04-20 17:35:51'),
('thishouldnotexistandhopefullyitwillnot', '2020-04-20 18:05:13'),
('thishouldnotexistandhopefullyitwillnot', '2020-04-20 18:06:53'),
('thishouldnotexistandhopefullyitwillnot', '2020-04-20 18:56:32'),
('thishouldnotexistandhopefullyitwillnot', '2020-04-20 20:47:08'),
('thishouldnotexistandhopefullyitwillnot', '2020-04-20 20:47:09'),
('thishouldnotexistandhopefullyitwillnot', '2020-04-20 21:13:02'),
('thishouldnotexistandhopefullyitwillnot', '2020-04-20 21:13:24'),
('thishouldnotexistandhopefullyitwillnot', '2020-04-20 21:47:35'),
('thishouldnotexistandhopefullyitwillnot', '2020-04-20 21:49:51'),
('thishouldnotexistandhopefullyitwillnot', '2020-04-20 21:52:09'),
('thishouldnotexistandhopefullyitwillnot', '2020-04-20 21:53:17'),
('thishouldnotexistandhopefullyitwillnot', '2020-04-20 21:54:03'),
('vdpllkfglldgxthpgdqvquizqxuatxguveabyr', '2020-04-20 21:48:24'),
('vdpllkfglldgxthpgdqvquizqxuatxguveabyr', '2020-04-20 21:55:34'),
('vtlrashfcrthluoltmbsgfkzweqfuyctiuxvqv', '2020-04-20 20:50:41'),
('WEB-INF/web.xml', '2020-04-20 17:35:50'),
('WEB-INF/web.xml', '2020-04-20 18:05:08'),
('WEB-INF/web.xml', '2020-04-20 18:06:52'),
('WEB-INF/web.xml', '2020-04-20 18:56:30'),
('WEB-INF/web.xml', '2020-04-20 18:56:31'),
('WEB-INF/web.xml', '2020-04-20 20:47:07'),
('WEB-INF/web.xml', '2020-04-20 21:13:01'),
('WEB-INF/web.xml', '2020-04-20 21:13:23'),
('WEB-INF/web.xml', '2020-04-20 21:47:34'),
('WEB-INF/web.xml', '2020-04-20 21:49:51'),
('WEB-INF/web.xml', '2020-04-20 21:52:08'),
('WEB-INF/web.xml', '2020-04-20 21:53:16'),
('WEB-INF/web.xml', '2020-04-20 21:54:03'),
('WEB-INF\\web.xml', '2020-04-20 17:35:50'),
('WEB-INF\\web.xml', '2020-04-20 18:05:09'),
('WEB-INF\\web.xml', '2020-04-20 18:06:53'),
('WEB-INF\\web.xml', '2020-04-20 18:56:31'),
('WEB-INF\\web.xml', '2020-04-20 20:47:07'),
('WEB-INF\\web.xml', '2020-04-20 20:47:08'),
('WEB-INF\\web.xml', '2020-04-20 21:13:02'),
('WEB-INF\\web.xml', '2020-04-20 21:13:23'),
('WEB-INF\\web.xml', '2020-04-20 21:47:35'),
('WEB-INF\\web.xml', '2020-04-20 21:49:51'),
('WEB-INF\\web.xml', '2020-04-20 21:52:08'),
('WEB-INF\\web.xml', '2020-04-20 21:53:17'),
('WEB-INF\\web.xml', '2020-04-20 21:54:03'),
('www.google.com', '2020-04-20 17:36:33'),
('www.google.com', '2020-04-20 18:06:56'),
('www.google.com', '2020-04-20 18:56:42'),
('www.google.com', '2020-04-20 20:47:22'),
('www.google.com', '2020-04-20 21:13:06'),
('www.google.com', '2020-04-20 21:47:40'),
('www.google.com', '2020-04-20 21:49:55'),
('www.google.com', '2020-04-20 21:52:16'),
('www.google.com', '2020-04-20 21:53:24'),
('www.google.com', '2020-04-20 21:54:10'),
('www.google.com/', '2020-04-20 17:36:32'),
('www.google.com/', '2020-04-20 18:06:56'),
('www.google.com/', '2020-04-20 18:56:41'),
('www.google.com/', '2020-04-20 18:56:42'),
('www.google.com/', '2020-04-20 20:47:22'),
('www.google.com/', '2020-04-20 21:13:06'),
('www.google.com/', '2020-04-20 21:47:39'),
('www.google.com/', '2020-04-20 21:49:55'),
('www.google.com/', '2020-04-20 21:52:16'),
('www.google.com/', '2020-04-20 21:53:24'),
('www.google.com/', '2020-04-20 21:54:09'),
('www.google.com/search?q=OWASP%20ZAP', '2020-04-20 17:36:33'),
('www.google.com/search?q=OWASP%20ZAP', '2020-04-20 18:06:57'),
('www.google.com/search?q=OWASP%20ZAP', '2020-04-20 18:56:42'),
('www.google.com/search?q=OWASP%20ZAP', '2020-04-20 18:56:43'),
('www.google.com/search?q=OWASP%20ZAP', '2020-04-20 20:47:23'),
('www.google.com/search?q=OWASP%20ZAP', '2020-04-20 21:13:06'),
('www.google.com/search?q=OWASP%20ZAP', '2020-04-20 21:47:40'),
('www.google.com/search?q=OWASP%20ZAP', '2020-04-20 21:49:56'),
('www.google.com/search?q=OWASP%20ZAP', '2020-04-20 21:52:16'),
('www.google.com/search?q=OWASP%20ZAP', '2020-04-20 21:53:24'),
('www.google.com/search?q=OWASP%20ZAP', '2020-04-20 21:54:10'),
('www.google.com:80/', '2020-04-20 17:36:32'),
('www.google.com:80/', '2020-04-20 18:06:56'),
('www.google.com:80/', '2020-04-20 18:56:42'),
('www.google.com:80/', '2020-04-20 20:47:22'),
('www.google.com:80/', '2020-04-20 21:13:06'),
('www.google.com:80/', '2020-04-20 21:47:39'),
('www.google.com:80/', '2020-04-20 21:49:55'),
('www.google.com:80/', '2020-04-20 21:52:16'),
('www.google.com:80/', '2020-04-20 21:53:24'),
('www.google.com:80/', '2020-04-20 21:54:10'),
('www.google.com:80/search?q=OWASP%20ZAP', '2020-04-20 17:36:33'),
('www.google.com:80/search?q=OWASP%20ZAP', '2020-04-20 18:06:57'),
('www.google.com:80/search?q=OWASP%20ZAP', '2020-04-20 18:56:43'),
('www.google.com:80/search?q=OWASP%20ZAP', '2020-04-20 20:47:23'),
('www.google.com:80/search?q=OWASP%20ZAP', '2020-04-20 21:13:06'),
('www.google.com:80/search?q=OWASP%20ZAP', '2020-04-20 21:47:40'),
('www.google.com:80/search?q=OWASP%20ZAP', '2020-04-20 21:49:56'),
('www.google.com:80/search?q=OWASP%20ZAP', '2020-04-20 21:52:16'),
('www.google.com:80/search?q=OWASP%20ZAP', '2020-04-20 21:53:24'),
('www.google.com:80/search?q=OWASP%20ZAP', '2020-04-20 21:54:10'),
('ZAP', '2020-04-20 15:44:54'),
('ZAP', '2020-04-20 17:41:49'),
('ZAP', '2020-04-20 18:04:55'),
('ZAP', '2020-04-20 18:06:48'),
('ZAP', '2020-04-20 18:06:53'),
('ZAP', '2020-04-20 18:06:54'),
('ZAP', '2020-04-20 18:06:55'),
('ZAP', '2020-04-20 18:06:56'),
('ZAP', '2020-04-20 18:39:52'),
('ZAP', '2020-04-20 18:39:53'),
('ZAP', '2020-04-20 18:42:33'),
('ZAP', '2020-04-20 18:49:13'),
('ZAP', '2020-04-20 18:49:25'),
('ZAP', '2020-04-20 18:50:19'),
('ZAP', '2020-04-20 18:51:09'),
('ZAP', '2020-04-20 18:52:08'),
('ZAP', '2020-04-20 18:52:11'),
('ZAP', '2020-04-20 18:52:42'),
('ZAP', '2020-04-20 18:53:38'),
('ZAP', '2020-04-20 18:53:39'),
('ZAP', '2020-04-20 18:53:53'),
('ZAP', '2020-04-20 18:53:54'),
('ZAP', '2020-04-20 18:55:38'),
('ZAP', '2020-04-20 18:56:02'),
('ZAP', '2020-04-20 18:56:16'),
('ZAP', '2020-04-20 18:56:28'),
('ZAP', '2020-04-20 18:56:29'),
('ZAP', '2020-04-20 18:56:38'),
('ZAP', '2020-04-20 18:57:02'),
('ZAP', '2020-04-20 18:59:49'),
('ZAP', '2020-04-20 19:03:36'),
('ZAP', '2020-04-20 19:03:57'),
('ZAP', '2020-04-20 19:05:13'),
('ZAP', '2020-04-20 20:44:48'),
('ZAP', '2020-04-20 20:44:51'),
('ZAP', '2020-04-20 20:47:09'),
('ZAP', '2020-04-20 20:47:10'),
('ZAP', '2020-04-20 20:47:11'),
('ZAP', '2020-04-20 20:47:12'),
('ZAP', '2020-04-20 20:47:13'),
('ZAP', '2020-04-20 20:48:09'),
('ZAP', '2020-04-20 20:48:10'),
('ZAP', '2020-04-20 20:48:12'),
('ZAP', '2020-04-20 20:48:14'),
('ZAP', '2020-04-20 20:48:15'),
('ZAP', '2020-04-20 20:49:20'),
('ZAP', '2020-04-20 20:49:21'),
('ZAP', '2020-04-20 20:49:22'),
('ZAP', '2020-04-20 20:49:23'),
('ZAP', '2020-04-20 20:49:26'),
('ZAP', '2020-04-20 20:50:22'),
('ZAP', '2020-04-20 20:50:23'),
('ZAP', '2020-04-20 20:50:24'),
('ZAP', '2020-04-20 20:50:25'),
('ZAP', '2020-04-20 20:50:26'),
('ZAP', '2020-04-20 20:51:22'),
('ZAP', '2020-04-20 20:51:23'),
('ZAP', '2020-04-20 20:51:24'),
('ZAP', '2020-04-20 20:51:25'),
('ZAP', '2020-04-20 20:51:26'),
('ZAP', '2020-04-20 21:12:51'),
('ZAP', '2020-04-20 21:13:00'),
('ZAP', '2020-04-20 21:13:02'),
('ZAP', '2020-04-20 21:13:03'),
('ZAP', '2020-04-20 21:13:04'),
('ZAP', '2020-04-20 21:46:16'),
('ZAP', '2020-04-20 21:46:57'),
('ZAP', '2020-04-20 21:47:09'),
('ZAP', '2020-04-20 21:47:35'),
('ZAP', '2020-04-20 21:47:36'),
('ZAP', '2020-04-20 21:47:37'),
('ZAP', '2020-04-20 21:47:58'),
('ZAP', '2020-04-20 21:48:09'),
('ZAP', '2020-04-20 21:48:37'),
('ZAP', '2020-04-20 21:48:38'),
('ZAP', '2020-04-20 21:48:39'),
('ZAP', '2020-04-20 21:48:58'),
('ZAP', '2020-04-20 21:49:11'),
('ZAP', '2020-04-20 21:49:51'),
('ZAP', '2020-04-20 21:49:52'),
('ZAP', '2020-04-20 21:49:53'),
('ZAP', '2020-04-20 21:49:59'),
('ZAP', '2020-04-20 21:50:11'),
('ZAP', '2020-04-20 21:55:12'),
('ZAP / sleep(15) ', '2020-04-20 20:50:57'),
('ZAP / sleep(15) ', '2020-04-20 20:50:58'),
('ZAP / sleep(15) ', '2020-04-20 21:48:37'),
('ZAP and 0 in (select sleep(15) ) -- ', '2020-04-20 20:50:59'),
('ZAP and 0 in (select sleep(15) ) -- ', '2020-04-20 21:48:37'),
('ZAP AND 1=1', '2020-04-20 18:56:59'),
('ZAP AND 1=1', '2020-04-20 20:47:46'),
('ZAP AND 1=1', '2020-04-20 21:13:12'),
('ZAP AND 1=1', '2020-04-20 21:47:50'),
('ZAP AND 1=1', '2020-04-20 21:50:08'),
('ZAP AND 1=1 -- ', '2020-04-20 18:56:58'),
('ZAP AND 1=1 -- ', '2020-04-20 20:47:43'),
('ZAP AND 1=1 -- ', '2020-04-20 21:13:12'),
('ZAP AND 1=1 -- ', '2020-04-20 21:47:50'),
('ZAP AND 1=1 -- ', '2020-04-20 21:50:07'),
('ZAP UNION ALL select NULL -- ', '2020-04-20 18:56:59'),
('ZAP UNION ALL select NULL -- ', '2020-04-20 18:57:00'),
('ZAP UNION ALL select NULL -- ', '2020-04-20 20:47:52'),
('ZAP UNION ALL select NULL -- ', '2020-04-20 21:13:13'),
('ZAP UNION ALL select NULL -- ', '2020-04-20 21:47:51'),
('ZAP UNION ALL select NULL -- ', '2020-04-20 21:50:08'),
('ZAP WAITFOR DELAY &apos;0:0:15&apos; -- ', '2020-04-20 21:48:59'),
('ZAP&amp;cat /etc/passwd&amp;', '2020-04-20 20:48:57'),
('ZAP&amp;cat /etc/passwd&amp;', '2020-04-20 21:13:21'),
('ZAP&amp;cat /etc/passwd&amp;', '2020-04-20 21:48:00'),
('ZAP&amp;cat /etc/passwd&amp;', '2020-04-20 21:50:18'),
('ZAP&amp;sleep 15&amp;', '2020-04-20 20:48:59'),
('ZAP&amp;sleep 15&amp;', '2020-04-20 21:13:23'),
('ZAP&amp;sleep 15&amp;', '2020-04-20 21:48:01'),
('ZAP&amp;sleep 15&amp;', '2020-04-20 21:50:19'),
('ZAP&amp;timeout /T 15', '2020-04-20 20:49:08'),
('ZAP&amp;timeout /T 15', '2020-04-20 21:13:25'),
('ZAP&amp;timeout /T 15', '2020-04-20 21:48:02'),
('ZAP&amp;timeout /T 15', '2020-04-20 21:50:20'),
('ZAP&amp;type %SYSTEMROOT%\\win.ini', '2020-04-20 20:49:05'),
('ZAP&amp;type %SYSTEMROOT%\\win.ini', '2020-04-20 21:13:24'),
('ZAP&amp;type %SYSTEMROOT%\\win.ini', '2020-04-20 21:48:01'),
('ZAP&amp;type %SYSTEMROOT%\\win.ini', '2020-04-20 21:50:20'),
('ZAP&apos;', '2020-04-20 18:56:55'),
('ZAP&apos;', '2020-04-20 20:47:40'),
('ZAP&apos;', '2020-04-20 21:13:11'),
('ZAP&apos;', '2020-04-20 21:47:49'),
('ZAP&apos;', '2020-04-20 21:50:06'),
('ZAP&apos; / sleep(15) / &apos;', '2020-04-20 20:50:58'),
('ZAP&apos; / sleep(15) / &apos;', '2020-04-20 21:48:37'),
('ZAP&apos; AND &apos;1&apos;=&apos;1', '2020-04-20 18:56:59'),
('ZAP&apos; AND &apos;1&apos;=&apos;1', '2020-04-20 20:47:47'),
('ZAP&apos; AND &apos;1&apos;=&apos;1', '2020-04-20 20:47:49'),
('ZAP&apos; AND &apos;1&apos;=&apos;1', '2020-04-20 21:13:12'),
('ZAP&apos; AND &apos;1&apos;=&apos;1', '2020-04-20 21:47:51'),
('ZAP&apos; AND &apos;1&apos;=&apos;1', '2020-04-20 21:50:08'),
('ZAP&apos; UNION ALL select NULL -- ', '2020-04-20 18:57:00'),
('ZAP&apos; UNION ALL select NULL -- ', '2020-04-20 20:47:54'),
('ZAP&apos; UNION ALL select NULL -- ', '2020-04-20 21:13:13'),
('ZAP&apos; UNION ALL select NULL -- ', '2020-04-20 21:47:51'),
('ZAP&apos; UNION ALL select NULL -- ', '2020-04-20 21:50:08'),
('ZAP&apos;&amp;cat /etc/passwd&amp;&apos;', '2020-04-20 20:48:59'),
('ZAP&apos;&amp;cat /etc/passwd&amp;&apos;', '2020-04-20 21:13:22'),
('ZAP&apos;&amp;cat /etc/passwd&amp;&apos;', '2020-04-20 21:48:00'),
('ZAP&apos;&amp;cat /etc/passwd&amp;&apos;', '2020-04-20 21:50:19'),
('ZAP&apos;&amp;sleep 15&amp;&apos;', '2020-04-20 20:49:04'),
('ZAP&apos;&amp;sleep 15&amp;&apos;', '2020-04-20 21:13:23'),
('ZAP&apos;&amp;sleep 15&amp;&apos;', '2020-04-20 21:48:01'),
('ZAP&apos;&amp;sleep 15&amp;&apos;', '2020-04-20 21:50:20'),
('ZAP&apos;&amp;timeout /T 15&amp;&apos;', '2020-04-20 20:49:15'),
('ZAP&apos;&amp;timeout /T 15&amp;&apos;', '2020-04-20 21:13:25'),
('ZAP&apos;&amp;timeout /T 15&amp;&apos;', '2020-04-20 21:48:02'),
('ZAP&apos;&amp;timeout /T 15&amp;&apos;', '2020-04-20 21:50:21'),
('ZAP&apos;) UNION ALL select NULL -- ', '2020-04-20 18:57:01'),
('ZAP&apos;) UNION ALL select NULL -- ', '2020-04-20 20:47:59'),
('ZAP&apos;) UNION ALL select NULL -- ', '2020-04-20 20:48:01'),
('ZAP&apos;) UNION ALL select NULL -- ', '2020-04-20 21:13:13'),
('ZAP&apos;) UNION ALL select NULL -- ', '2020-04-20 21:47:51'),
('ZAP&apos;) UNION ALL select NULL -- ', '2020-04-20 21:50:08'),
('ZAP&apos;;cat /etc/passwd;&apos;', '2020-04-20 20:48:59'),
('ZAP&apos;;cat /etc/passwd;&apos;', '2020-04-20 21:13:22'),
('ZAP&apos;;cat /etc/passwd;&apos;', '2020-04-20 21:48:01'),
('ZAP&apos;;cat /etc/passwd;&apos;', '2020-04-20 21:50:19'),
('ZAP&apos;;get-help', '2020-04-20 20:49:18'),
('ZAP&apos;;get-help', '2020-04-20 21:13:26'),
('ZAP&apos;;get-help', '2020-04-20 21:48:03'),
('ZAP&apos;;get-help', '2020-04-20 21:50:21'),
('ZAP&apos;;sleep 15;&apos;', '2020-04-20 20:49:04'),
('ZAP&apos;;sleep 15;&apos;', '2020-04-20 21:13:23'),
('ZAP&apos;;sleep 15;&apos;', '2020-04-20 21:48:01'),
('ZAP&apos;;sleep 15;&apos;', '2020-04-20 21:50:20'),
('ZAP&apos;;start-sleep -s 15', '2020-04-20 20:49:20'),
('ZAP&apos;;start-sleep -s 15', '2020-04-20 21:48:03'),
('ZAP&apos;;start-sleep -s 15', '2020-04-20 21:50:22'),
('ZAP&apos;|timeout /T 15', '2020-04-20 20:49:17'),
('ZAP&apos;|timeout /T 15', '2020-04-20 21:48:03'),
('ZAP&apos;|timeout /T 15', '2020-04-20 21:50:21'),
('ZAP&apos;|type %SYSTEMROOT%\\win.ini', '2020-04-20 20:49:08'),
('ZAP&apos;|type %SYSTEMROOT%\\win.ini', '2020-04-20 21:13:25'),
('ZAP&apos;|type %SYSTEMROOT%\\win.ini', '2020-04-20 21:48:02'),
('ZAP&apos;|type %SYSTEMROOT%\\win.ini', '2020-04-20 21:50:20'),
('ZAP&quot;', '2020-04-20 18:56:56'),
('ZAP&quot;', '2020-04-20 20:47:41'),
('ZAP&quot;', '2020-04-20 21:13:11'),
('ZAP&quot;', '2020-04-20 21:47:49'),
('ZAP&quot;', '2020-04-20 21:50:06'),
('ZAP&quot; / sleep(15) / &quot;', '2020-04-20 20:50:58'),
('ZAP&quot; / sleep(15) / &quot;', '2020-04-20 21:48:37'),
('ZAP&quot; AND &quot;1&quot;=&quot;1', '2020-04-20 18:56:59'),
('ZAP&quot; AND &quot;1&quot;=&quot;1', '2020-04-20 20:47:51'),
('ZAP&quot; AND &quot;1&quot;=&quot;1', '2020-04-20 21:13:13'),
('ZAP&quot; AND &quot;1&quot;=&quot;1', '2020-04-20 21:47:51'),
('ZAP&quot; AND &quot;1&quot;=&quot;1', '2020-04-20 21:50:08'),
('ZAP&quot; UNION ALL select NULL -- ', '2020-04-20 18:57:00'),
('ZAP&quot; UNION ALL select NULL -- ', '2020-04-20 20:47:55'),
('ZAP&quot; UNION ALL select NULL -- ', '2020-04-20 20:47:57'),
('ZAP&quot; UNION ALL select NULL -- ', '2020-04-20 21:13:13'),
('ZAP&quot; UNION ALL select NULL -- ', '2020-04-20 21:47:51'),
('ZAP&quot; UNION ALL select NULL -- ', '2020-04-20 21:50:08'),
('ZAP&quot;&amp;cat /etc/passwd&amp;&quot;', '2020-04-20 20:48:58'),
('ZAP&quot;&amp;cat /etc/passwd&amp;&quot;', '2020-04-20 21:13:22'),
('ZAP&quot;&amp;cat /etc/passwd&amp;&quot;', '2020-04-20 21:48:00'),
('ZAP&quot;&amp;cat /etc/passwd&amp;&quot;', '2020-04-20 21:50:19'),
('ZAP&quot;&amp;sleep 15&amp;&quot;', '2020-04-20 20:49:00'),
('ZAP&quot;&amp;sleep 15&amp;&quot;', '2020-04-20 21:13:23'),
('ZAP&quot;&amp;sleep 15&amp;&quot;', '2020-04-20 21:48:01'),
('ZAP&quot;&amp;sleep 15&amp;&quot;', '2020-04-20 21:50:19'),
('ZAP&quot;&amp;timeout /T 15&amp;&quot;', '2020-04-20 20:49:09'),
('ZAP&quot;&amp;timeout /T 15&amp;&quot;', '2020-04-20 21:13:25'),
('ZAP&quot;&amp;timeout /T 15&amp;&quot;', '2020-04-20 21:48:02'),
('ZAP&quot;&amp;timeout /T 15&amp;&quot;', '2020-04-20 21:50:21'),
('ZAP&quot;;cat /etc/passwd;&quot;', '2020-04-20 20:48:58'),
('ZAP&quot;;cat /etc/passwd;&quot;', '2020-04-20 21:13:22'),
('ZAP&quot;;cat /etc/passwd;&quot;', '2020-04-20 21:48:00'),
('ZAP&quot;;cat /etc/passwd;&quot;', '2020-04-20 21:50:19'),
('ZAP&quot;;get-help', '2020-04-20 20:49:17'),
('ZAP&quot;;get-help', '2020-04-20 20:49:18'),
('ZAP&quot;;get-help', '2020-04-20 21:13:26'),
('ZAP&quot;;get-help', '2020-04-20 21:48:03'),
('ZAP&quot;;get-help', '2020-04-20 21:50:21'),
('ZAP&quot;;sleep 15;&quot;', '2020-04-20 20:49:00'),
('ZAP&quot;;sleep 15;&quot;', '2020-04-20 20:49:04'),
('ZAP&quot;;sleep 15;&quot;', '2020-04-20 21:13:23'),
('ZAP&quot;;sleep 15;&quot;', '2020-04-20 21:48:01'),
('ZAP&quot;;sleep 15;&quot;', '2020-04-20 21:50:19'),
('ZAP&quot;;start-sleep -s 15', '2020-04-20 20:49:19'),
('ZAP&quot;;start-sleep -s 15', '2020-04-20 21:48:03'),
('ZAP&quot;;start-sleep -s 15', '2020-04-20 21:50:22'),
('ZAP&quot;|timeout /T 15', '2020-04-20 20:49:09'),
('ZAP&quot;|timeout /T 15', '2020-04-20 20:49:12'),
('ZAP&quot;|timeout /T 15', '2020-04-20 21:13:25'),
('ZAP&quot;|timeout /T 15', '2020-04-20 21:48:02'),
('ZAP&quot;|timeout /T 15', '2020-04-20 21:50:21'),
('ZAP&quot;|type %SYSTEMROOT%\\win.ini', '2020-04-20 20:49:06'),
('ZAP&quot;|type %SYSTEMROOT%\\win.ini', '2020-04-20 21:13:24'),
('ZAP&quot;|type %SYSTEMROOT%\\win.ini', '2020-04-20 21:48:02'),
('ZAP&quot;|type %SYSTEMROOT%\\win.ini', '2020-04-20 21:50:20'),
('ZAP)', '2020-04-20 18:56:57'),
('ZAP)', '2020-04-20 20:47:42'),
('ZAP)', '2020-04-20 21:13:12'),
('ZAP)', '2020-04-20 21:47:50'),
('ZAP)', '2020-04-20 21:50:07'),
('ZAP) UNION ALL select NULL -- ', '2020-04-20 18:57:00'),
('ZAP) UNION ALL select NULL -- ', '2020-04-20 18:57:01'),
('ZAP) UNION ALL select NULL -- ', '2020-04-20 20:47:59'),
('ZAP) UNION ALL select NULL -- ', '2020-04-20 21:13:13'),
('ZAP) UNION ALL select NULL -- ', '2020-04-20 21:47:51'),
('ZAP) UNION ALL select NULL -- ', '2020-04-20 21:50:08'),
('ZAP) WAITFOR DELAY &apos;0:0:15&apos; --', '2020-04-20 21:48:59'),
('ZAP0W45pz4p', '2020-04-20 18:56:52'),
('ZAP0W45pz4p', '2020-04-20 20:47:35'),
('ZAP0W45pz4p', '2020-04-20 21:13:09'),
('ZAP0W45pz4p', '2020-04-20 21:47:44'),
('ZAP0W45pz4p', '2020-04-20 21:50:01'),
('ZAP;', '2020-04-20 18:56:56'),
('ZAP;', '2020-04-20 18:56:57'),
('ZAP;', '2020-04-20 20:47:41'),
('ZAP;', '2020-04-20 20:47:42'),
('ZAP;', '2020-04-20 21:13:12'),
('ZAP;', '2020-04-20 21:47:50'),
('ZAP;', '2020-04-20 21:50:07'),
('ZAP;cat /etc/passwd;', '2020-04-20 20:48:57'),
('ZAP;cat /etc/passwd;', '2020-04-20 20:48:58'),
('ZAP;cat /etc/passwd;', '2020-04-20 21:13:22'),
('ZAP;cat /etc/passwd;', '2020-04-20 21:48:00'),
('ZAP;cat /etc/passwd;', '2020-04-20 21:50:19'),
('ZAP;get-help', '2020-04-20 20:49:17'),
('ZAP;get-help', '2020-04-20 21:13:26'),
('ZAP;get-help', '2020-04-20 21:48:03'),
('ZAP;get-help', '2020-04-20 21:50:21'),
('ZAP;get-help #', '2020-04-20 20:49:18'),
('ZAP;get-help #', '2020-04-20 21:48:03'),
('ZAP;get-help #', '2020-04-20 21:50:21'),
('ZAP;sleep 15;', '2020-04-20 20:49:00'),
('ZAP;sleep 15;', '2020-04-20 21:13:23'),
('ZAP;sleep 15;', '2020-04-20 21:48:01'),
('ZAP;sleep 15;', '2020-04-20 21:50:19'),
('ZAP;start-sleep -s 15', '2020-04-20 20:49:19'),
('ZAP;start-sleep -s 15', '2020-04-20 21:48:03'),
('ZAP;start-sleep -s 15', '2020-04-20 21:50:22'),
('ZAP;start-sleep -s 15 #', '2020-04-20 20:49:20'),
('ZAP;start-sleep -s 15 #', '2020-04-20 21:48:03'),
('ZAP;start-sleep -s 15 #', '2020-04-20 21:50:22'),
('zApPX0sS', '2020-04-20 18:56:54'),
('zApPX101sS', '2020-04-20 21:54:21'),
('zApPX11sS', '2020-04-20 21:50:02'),
('zApPX1sS', '2020-04-20 20:47:38'),
('zApPX36sS', '2020-04-20 21:52:27'),
('zApPX4sS', '2020-04-20 17:37:10'),
('zApPX4sS', '2020-04-20 21:47:46'),
('zApPX67sS', '2020-04-20 21:53:36'),
('zApPX6sS', '2020-04-20 21:13:10'),
('ZAP|timeout /T 15', '2020-04-20 20:49:08'),
('ZAP|timeout /T 15', '2020-04-20 21:13:25'),
('ZAP|timeout /T 15', '2020-04-20 21:48:02'),
('ZAP|timeout /T 15', '2020-04-20 21:50:21'),
('ZAP|type %SYSTEMROOT%\\win.ini', '2020-04-20 20:49:05'),
('ZAP|type %SYSTEMROOT%\\win.ini', '2020-04-20 21:13:24'),
('ZAP|type %SYSTEMROOT%\\win.ini', '2020-04-20 21:48:02'),
('ZAP|type %SYSTEMROOT%\\win.ini', '2020-04-20 21:50:20'),
('\\WEB-INF\\web.xml', '2020-04-20 17:35:51'),
('\\WEB-INF\\web.xml', '2020-04-20 18:05:12'),
('\\WEB-INF\\web.xml', '2020-04-20 18:06:53'),
('\\WEB-INF\\web.xml', '2020-04-20 18:56:31'),
('\\WEB-INF\\web.xml', '2020-04-20 18:56:32'),
('\\WEB-INF\\web.xml', '2020-04-20 20:47:08'),
('\\WEB-INF\\web.xml', '2020-04-20 21:13:02'),
('\\WEB-INF\\web.xml', '2020-04-20 21:13:24'),
('\\WEB-INF\\web.xml', '2020-04-20 21:47:35'),
('\\WEB-INF\\web.xml', '2020-04-20 21:49:51'),
('\\WEB-INF\\web.xml', '2020-04-20 21:52:09'),
('\\WEB-INF\\web.xml', '2020-04-20 21:53:17'),
('\\WEB-INF\\web.xml', '2020-04-20 21:54:03'),
('\\\\3127961386291318312.owasp.org', '2020-04-20 21:48:13'),
('\\\\3127961386291318312.owasp.org', '2020-04-20 21:55:06'),
('\\\\5992479412967289991.owasp.org', '2020-04-20 20:49:57'),
('\\\\7241468855286776394.owasp.org', '2020-04-20 17:41:43'),
(']]&gt;', '2020-04-20 21:49:00'),
(']]&gt;', '2020-04-20 21:57:59'),
('|', '2020-04-20 17:41:59'),
('|', '2020-04-20 20:50:33'),
('|', '2020-04-20 20:50:34'),
('|', '2020-04-20 21:48:21'),
('|', '2020-04-20 21:55:23');

-- --------------------------------------------------------

--
-- Structure de la table `email`
--

CREATE TABLE `email` (
  `id` int(30) NOT NULL,
  `mail` varchar(30) NOT NULL
) ENGINE=InnoDB DEFAULT CHARSET=latin1;

--
-- Contenu de la table `email`
--

INSERT INTO `email` (`id`, `mail`) VALUES
(5, 'lacouranael@gmail.com'),
(10, 'uromys1er@gmail.com'),
(12, 'mohamed.akheraz@utc.fr');

-- --------------------------------------------------------

--
-- Structure de la table `messages`
--

CREATE TABLE `messages` (
  `id_msg` int(11) NOT NULL,
  `id_user_to` int(30) NOT NULL,
  `id_user_from` int(30) NOT NULL,
  `sujet_msg` varchar(40) NOT NULL,
  `corps_msg` varchar(800) NOT NULL
) ENGINE=InnoDB DEFAULT CHARSET=latin1;

--
-- Contenu de la table `messages`
--

INSERT INTO `messages` (`id_msg`, `id_user_to`, `id_user_from`, `sujet_msg`, `corps_msg`) VALUES
(1, 5, 10, 'interessant', 'yes'),
(2, 10, 5, 'qqqq', 'qqqq'),
(3, 7, 10, 'lol', 'tropdrole mec'),
(9, 5, 7, 'C\'est drole', 'Tu connais la blague qui tue ?\r\n\r\nPAN'),
(26, 10, 5, 'zzz', 'Les ecureils'),
(27, 10, 5, 'attend', 'Genre'),
(28, 5, 7, 'salut', 'Genre'),
(29, 5, 7, 'salut', 'Genre'),
(30, 5, 7, 'salut', 'Genre'),
(31, 5, 7, 'salut', 'Genre'),
(32, 10, 5, 'on estl à', 'salut'),
(33, 10, 7, 'Tes vrmy nul', 'Tes nul'),
(34, 10, 7, 'lol', 'Flo vlad'),
(35, 7, 10, 'Salut', 'bonjour'),
(36, 7, 10, 'oui', 'non'),
(37, 7, 5, 'Bonjour', 'Genre'),
(38, 7, 5, 'TEST', 'TEST'),
(39, 5, 10, 'salut', 'Bonjour');

-- --------------------------------------------------------

--
-- Structure de la table `users`
--

CREATE TABLE `users` (
  `id_user` int(30) NOT NULL,
  `login` varchar(20) NOT NULL,
  `profil_user` varchar(40) NOT NULL,
  `nom` varchar(40) NOT NULL,
  `prenom` varchar(40) NOT NULL,
  `numero_compte` int(20) NOT NULL,
  `solde_compte` int(40) NOT NULL,
  `mot_de_passe` varchar(80) DEFAULT NULL
) ENGINE=InnoDB DEFAULT CHARSET=latin1;

--
-- Contenu de la table `users`
--

INSERT INTO `users` (`id_user`, `login`, `profil_user`, `nom`, `prenom`, `numero_compte`, `solde_compte`, `mot_de_passe`) VALUES
(5, 'lacouran', 'client', 'jean', 'dupont', 3567, 12, '$2y$10$QpnuczLlu7DSCNa7/N277u7u8jI8v2GnepKJ..1Wo6RKv4V3douiy'),
(7, 'alex', 'client', 'alex', 'Veise', 6776, 4954, '$2y$10$aR7SSwUuc3yQKJHrmjtPPegjytnSBorBhp0q5m3IHFZYvwAh.pwTi'),
(10, 'admin', 'employe', 'flo', 'vlad', 999, 6876, '$2y$10$m.0iphFwToWw0G0PNJQW.e29plfqGeOWy6An4OatDOu9xf/Kz0aFu'),
(12, 'akheraz', 'client', 'mohammed', 'akheraz', 23456, 670, '$2y$10$QpnuczLlu7DSCNa7/N277u7u8jI8v2GnepKJ..1Wo6RKv4V3douiy');

--
-- Index pour les tables exportées
--

--
-- Index pour la table `count_login`
--
ALTER TABLE `count_login`
  ADD PRIMARY KEY (`login_try`,`date_try`);

--
-- Index pour la table `email`
--
ALTER TABLE `email`
  ADD PRIMARY KEY (`id`);

--
-- Index pour la table `messages`
--
ALTER TABLE `messages`
  ADD PRIMARY KEY (`id_msg`),
  ADD KEY `fk_id_user` (`id_user_to`),
  ADD KEY `user2` (`id_user_from`);

--
-- Index pour la table `users`
--
ALTER TABLE `users`
  ADD PRIMARY KEY (`id_user`),
  ADD UNIQUE KEY `numerocompte` (`numero_compte`,`login`);

--
-- AUTO_INCREMENT pour les tables exportées
--

--
-- AUTO_INCREMENT pour la table `messages`
--
ALTER TABLE `messages`
  MODIFY `id_msg` int(11) NOT NULL AUTO_INCREMENT, AUTO_INCREMENT=40;
--
-- AUTO_INCREMENT pour la table `users`
--
ALTER TABLE `users`
  MODIFY `id_user` int(30) NOT NULL AUTO_INCREMENT, AUTO_INCREMENT=13;
--
-- Contraintes pour les tables exportées
--

--
-- Contraintes pour la table `email`
--
ALTER TABLE `email`
  ADD CONSTRAINT `id_user_email` FOREIGN KEY (`id`) REFERENCES `users` (`id_user`);

--
-- Contraintes pour la table `messages`
--
ALTER TABLE `messages`
  ADD CONSTRAINT `fk_id_user` FOREIGN KEY (`id_user_to`) REFERENCES `users` (`id_user`),
  ADD CONSTRAINT `user2` FOREIGN KEY (`id_user_from`) REFERENCES `users` (`id_user`);

/*!40101 SET CHARACTER_SET_CLIENT=@OLD_CHARACTER_SET_CLIENT */;
/*!40101 SET CHARACTER_SET_RESULTS=@OLD_CHARACTER_SET_RESULTS */;
/*!40101 SET COLLATION_CONNECTION=@OLD_COLLATION_CONNECTION */;
